DataPoint,DataPoint._xValue,DataPoint.positionRel,DataPoint._lastLabelText,DataPoint.pointCustomProperties,DataPoint.series,DataPoint.tempColorIsSet,DataPoint.customProperties,DataPoint.isEmptyPoint,DataPoint.XValue,DataPoint.IsEmpty,DataPoint.Name,DataPoint.Label,DataPoint.AxisLabel,DataPoint.LabelFormat,DataPoint.IsValueShownAsLabel,DataPoint.Color,DataPoint.BorderColor,DataPoint.BorderDashStyle,DataPoint.BorderWidth,DataPoint.BackImage,DataPoint.BackImageWrapMode,DataPoint.BackImageTransparentColor,DataPoint.BackImageAlignment,DataPoint.BackGradientStyle,DataPoint.BackSecondaryColor,DataPoint.BackHatchStyle,DataPoint.Font,DataPoint.LabelForeColor,DataPoint.LabelAngle,DataPoint.MarkerStyle,DataPoint.MarkerSize,DataPoint.MarkerImage,DataPoint.MarkerImageTransparentColor,DataPoint.MarkerColor,DataPoint.MarkerBorderColor,DataPoint.MarkerBorderWidth,DataPoint.CustomPropertiesExtended,DataPoint.CustomProperties,DataPoint.ToolTip,DataPoint.IsVisibleInLegend,DataPoint.LegendText,DataPoint.LegendToolTip,DataPoint.LabelBackColor,DataPoint.LabelBorderColor,DataPoint.LabelBorderDashStyle,DataPoint.LabelBorderWidth,DataPoint.LabelToolTip,DataPoint.Tag,DataPoint.Parent,DataPoint.Common,DataPoint.Chart
"{X=0, Y={0.500847373167593, 0}}",0,"{X=0, Y=0}","",True,Series-Series1,False,System.Windows.Forms.DataVisualization.Charting.CustomProperties,False,0,False,DataPoint,"","","",False,"Color [Empty]","Color [Empty]",Solid,1,"",Tile,"Color [Empty]",TopLeft,None,"Color [Empty]",None,"[Font: Name=Microsoft Sans Serif, Size=8, Units=3, GdiCharSet=1, GdiVerticalFont=False]","Color [Black]",0,Circle,11,"","Color [Empty]","Color [Black]","Color [Empty]",1,System.Windows.Forms.DataVisualization.Charting.CustomProperties,"","",True,"Experimental value","","Color [Empty]","Color [Empty]",Solid,1,"","",System.Windows.Forms.DataVisualization.Charting.DataPointCollection,System.Windows.Forms.DataVisualization.Charting.CommonElements,System.Windows.Forms.DataVisualization.Charting.Chart
"{X=1, Y={0.419045514414941, 0}}",1,"{X=0, Y=0}","",True,Series-Series1,False,System.Windows.Forms.DataVisualization.Charting.CustomProperties,False,1,False,DataPoint,"","","",False,"Color [Empty]","Color [Empty]",Solid,1,"",Tile,"Color [Empty]",TopLeft,None,"Color [Empty]",None,"[Font: Name=Microsoft Sans Serif, Size=8, Units=3, GdiCharSet=1, GdiVerticalFont=False]","Color [Black]",0,Circle,11,"","Color [Empty]","Color [Black]","Color [Empty]",1,System.Windows.Forms.DataVisualization.Charting.CustomProperties,"","",True,"Experimental value","","Color [Empty]","Color [Empty]",Solid,1,"","",System.Windows.Forms.DataVisualization.Charting.DataPointCollection,System.Windows.Forms.DataVisualization.Charting.CommonElements,System.Windows.Forms.DataVisualization.Charting.Chart
"{X=2, Y={0.374027630285262, 0}}",2,"{X=0, Y=0}","",True,Series-Series1,False,System.Windows.Forms.DataVisualization.Charting.CustomProperties,False,2,False,DataPoint,"","","",False,"Color [Empty]","Color [Empty]",Solid,1,"",Tile,"Color [Empty]",TopLeft,None,"Color [Empty]",None,"[Font: Name=Microsoft Sans Serif, Size=8, Units=3, GdiCharSet=1, GdiVerticalFont=False]","Color [Black]",0,Circle,11,"","Color [Empty]","Color [Black]","Color [Empty]",1,System.Windows.Forms.DataVisualization.Charting.CustomProperties,"","",True,"Experimental value","","Color [Empty]","Color [Empty]",Solid,1,"","",System.Windows.Forms.DataVisualization.Charting.DataPointCollection,System.Windows.Forms.DataVisualization.Charting.CommonElements,System.Windows.Forms.DataVisualization.Charting.Chart
"{X=3, Y={0.316416410785889, 0}}",3,"{X=0, Y=0}","",True,Series-Series1,False,System.Windows.Forms.DataVisualization.Charting.CustomProperties,False,3,False,DataPoint,"","","",False,"Color [Empty]","Color [Empty]",Solid,1,"",Tile,"Color [Empty]",TopLeft,None,"Color [Empty]",None,"[Font: Name=Microsoft Sans Serif, Size=8, Units=3, GdiCharSet=1, GdiVerticalFont=False]","Color [Black]",0,Circle,11,"","Color [Empty]","Color [Black]","Color [Empty]",1,System.Windows.Forms.DataVisualization.Charting.CustomProperties,"","",True,"Experimental value","","Color [Empty]","Color [Empty]",Solid,1,"","",System.Windows.Forms.DataVisualization.Charting.DataPointCollection,System.Windows.Forms.DataVisualization.Charting.CommonElements,System.Windows.Forms.DataVisualization.Charting.Chart
"{X=6, Y={0.233613023906947, 0}}",6,"{X=0, Y=0}","",True,Series-Series1,False,System.Windows.Forms.DataVisualization.Charting.CustomProperties,False,6,False,DataPoint,"","","",False,"Color [Empty]","Color [Empty]",Solid,1,"",Tile,"Color [Empty]",TopLeft,None,"Color [Empty]",None,"[Font: Name=Microsoft Sans Serif, Size=8, Units=3, GdiCharSet=1, GdiVerticalFont=False]","Color [Black]",0,Circle,11,"","Color [Empty]","Color [Black]","Color [Empty]",1,System.Windows.Forms.DataVisualization.Charting.CustomProperties,"","",True,"Experimental value","","Color [Empty]","Color [Empty]",Solid,1,"","",System.Windows.Forms.DataVisualization.Charting.DataPointCollection,System.Windows.Forms.DataVisualization.Charting.CommonElements,System.Windows.Forms.DataVisualization.Charting.Chart
"{X=7, Y={0.231530288837254, 0}}",7,"{X=0, Y=0}","",True,Series-Series1,False,System.Windows.Forms.DataVisualization.Charting.CustomProperties,False,7,False,DataPoint,"","","",False,"Color [Empty]","Color [Empty]",Solid,1,"",Tile,"Color [Empty]",TopLeft,None,"Color [Empty]",None,"[Font: Name=Microsoft Sans Serif, Size=8, Units=3, GdiCharSet=1, GdiVerticalFont=False]","Color [Black]",0,Circle,11,"","Color [Empty]","Color [Black]","Color [Empty]",1,System.Windows.Forms.DataVisualization.Charting.CustomProperties,"","",True,"Experimental value","","Color [Empty]","Color [Empty]",Solid,1,"","",System.Windows.Forms.DataVisualization.Charting.DataPointCollection,System.Windows.Forms.DataVisualization.Charting.CommonElements,System.Windows.Forms.DataVisualization.Charting.Chart
"{X=9, Y={0.201331936652673, 0}}",9,"{X=0, Y=0}","",True,Series-Series1,False,System.Windows.Forms.DataVisualization.Charting.CustomProperties,False,9,False,DataPoint,"","","",False,"Color [Empty]","Color [Empty]",Solid,1,"",Tile,"Color [Empty]",TopLeft,None,"Color [Empty]",None,"[Font: Name=Microsoft Sans Serif, Size=8, Units=3, GdiCharSet=1, GdiVerticalFont=False]","Color [Black]",0,Circle,11,"","Color [Empty]","Color [Black]","Color [Empty]",1,System.Windows.Forms.DataVisualization.Charting.CustomProperties,"","",True,"Experimental value","","Color [Empty]","Color [Empty]",Solid,1,"","",System.Windows.Forms.DataVisualization.Charting.DataPointCollection,System.Windows.Forms.DataVisualization.Charting.CommonElements,System.Windows.Forms.DataVisualization.Charting.Chart
"{X=13, Y={0.177776368364305, 0}}",13,"{X=0, Y=0}","",True,Series-Series1,False,System.Windows.Forms.DataVisualization.Charting.CustomProperties,False,13,False,DataPoint,"","","",False,"Color [Empty]","Color [Empty]",Solid,1,"",Tile,"Color [Empty]",TopLeft,None,"Color [Empty]",None,"[Font: Name=Microsoft Sans Serif, Size=8, Units=3, GdiCharSet=1, GdiVerticalFont=False]","Color [Black]",0,Circle,11,"","Color [Empty]","Color [Black]","Color [Empty]",1,System.Windows.Forms.DataVisualization.Charting.CustomProperties,"","",True,"Experimental value","","Color [Empty]","Color [Empty]",Solid,1,"","",System.Windows.Forms.DataVisualization.Charting.DataPointCollection,System.Windows.Forms.DataVisualization.Charting.CommonElements,System.Windows.Forms.DataVisualization.Charting.Chart
"{X=16, Y={0.177939795836102, 0}}",16,"{X=0, Y=0}","",True,Series-Series1,False,System.Windows.Forms.DataVisualization.Charting.CustomProperties,False,16,False,DataPoint,"","","",False,"Color [Empty]","Color [Empty]",Solid,1,"",Tile,"Color [Empty]",TopLeft,None,"Color [Empty]",None,"[Font: Name=Microsoft Sans Serif, Size=8, Units=3, GdiCharSet=1, GdiVerticalFont=False]","Color [Black]",0,Circle,11,"","Color [Empty]","Color [Black]","Color [Empty]",1,System.Windows.Forms.DataVisualization.Charting.CustomProperties,"","",True,"Experimental value","","Color [Empty]","Color [Empty]",Solid,1,"","",System.Windows.Forms.DataVisualization.Charting.DataPointCollection,System.Windows.Forms.DataVisualization.Charting.CommonElements,System.Windows.Forms.DataVisualization.Charting.Chart
"{X=21, Y={0.184394636319421, 0}}",21,"{X=0, Y=0}","",True,Series-Series1,False,System.Windows.Forms.DataVisualization.Charting.CustomProperties,False,21,False,DataPoint,"","","",False,"Color [Empty]","Color [Empty]",Solid,1,"",Tile,"Color [Empty]",TopLeft,None,"Color [Empty]",None,"[Font: Name=Microsoft Sans Serif, Size=8, Units=3, GdiCharSet=1, GdiVerticalFont=False]","Color [Black]",0,Circle,11,"","Color [Empty]","Color [Black]","Color [Empty]",1,System.Windows.Forms.DataVisualization.Charting.CustomProperties,"","",True,"Experimental value","","Color [Empty]","Color [Empty]",Solid,1,"","",System.Windows.Forms.DataVisualization.Charting.DataPointCollection,System.Windows.Forms.DataVisualization.Charting.CommonElements,System.Windows.Forms.DataVisualization.Charting.Chart
"{X=24, Y={0.176384785726677, 0}}",24,"{X=0, Y=0}","",True,Series-Series1,False,System.Windows.Forms.DataVisualization.Charting.CustomProperties,False,24,False,DataPoint,"","","",False,"Color [Empty]","Color [Empty]",Solid,1,"",Tile,"Color [Empty]",TopLeft,None,"Color [Empty]",None,"[Font: Name=Microsoft Sans Serif, Size=8, Units=3, GdiCharSet=1, GdiVerticalFont=False]","Color [Black]",0,Circle,11,"","Color [Empty]","Color [Black]","Color [Empty]",1,System.Windows.Forms.DataVisualization.Charting.CustomProperties,"","",True,"Experimental value","","Color [Empty]","Color [Empty]",Solid,1,"","",System.Windows.Forms.DataVisualization.Charting.DataPointCollection,System.Windows.Forms.DataVisualization.Charting.CommonElements,System.Windows.Forms.DataVisualization.Charting.Chart
"{X=31, Y={0.167595503282643, 0}}",31,"{X=0, Y=0}","",True,Series-Series1,False,System.Windows.Forms.DataVisualization.Charting.CustomProperties,False,31,False,DataPoint,"","","",False,"Color [Empty]","Color [Empty]",Solid,1,"",Tile,"Color [Empty]",TopLeft,None,"Color [Empty]",None,"[Font: Name=Microsoft Sans Serif, Size=8, Units=3, GdiCharSet=1, GdiVerticalFont=False]","Color [Black]",0,Circle,11,"","Color [Empty]","Color [Black]","Color [Empty]",1,System.Windows.Forms.DataVisualization.Charting.CustomProperties,"","",True,"Experimental value","","Color [Empty]","Color [Empty]",Solid,1,"","",System.Windows.Forms.DataVisualization.Charting.DataPointCollection,System.Windows.Forms.DataVisualization.Charting.CommonElements,System.Windows.Forms.DataVisualization.Charting.Chart
