AA_name,Tritium,Asym_NEH,APE,MPE,Asym_NEH_ci,APE_ci,MPE_ci,,,,AA_name,Asym_NEH,APE,MPE
Alanine (A),4,3.575,3.923,4.153,0.219,0.062,0.120,±,,,Alanine (A),3.575±0.219,3.923±0.062,4.153±0.12
Cysteine (C),1.62,2.210,2.123,2.136,0.563,0.219,0.431,±,,,Cysteine (C),2.21±0.563,2.123±0.219,2.136±0.431
Aspartic acid (D),1.89,2.548,2.427,2.472,0.312,0.097,0.194,±,,,Aspartic acid (D),2.548±0.312,2.427±0.097,2.472±0.194
Glutamic acid (E),3.95,4.200,4.220,4.325,0.252,0.080,0.153,±,,,Glutamic acid (E),4.2±0.252,4.22±0.08,4.325±0.153
Phenylalanine (F),0.32,0.418,0.419,0.337,0.298,0.101,0.204,±,,,Phenylalanine (F),0.418±0.298,0.419±0.101,0.337±0.204
Glycine (G),2.06,2.030,2.016,2.046,0.206,0.070,0.136,±,,,Glycine (G),2.03±0.206,2.016±0.07,2.046±0.136
Histidine (H),2.88,2.151,2.465,2.432,0.521,0.141,0.269,±,,,Histidine (H),2.151±0.521,2.465±0.141,2.432±0.269
Isoleucine (I),1,0.504,0.824,0.779,0.272,0.081,0.155,±,,,Isoleucine (I),0.504±0.272,0.824±0.081,0.779±0.155
lysine (K),0.6,0.849,0.404,0.378,0.528,0.159,0.323,±,,,lysine (K),0.849±0.528,0.404±0.159,0.378±0.323
Leucine (L),0.54,0.636,0.613,0.526,0.173,0.059,0.116,±,,,Leucine (L),0.636±0.173,0.613±0.059,0.526±0.116
Methionine (M),1.12,0.810,0.831,0.634,0.446,0.136,0.260,±,,,Methionine (M),0.81±0.446,0.831±0.136,0.634±0.26
Asparagine (N),1.89,1.409,1.554,1.587,0.285,0.097,0.187,±,,,Asparagine (N),1.409±0.285,1.554±0.097,1.587±0.187
Proline (P),2.59,1.992,2.219,2.269,0.255,0.086,0.174,±,,,Proline (P),1.992±0.255,2.219±0.086,2.269±0.174
Glutamine (Q),3.95,4.084,4.065,3.987,0.321,0.091,0.193,±,,,Glutamine (Q),4.084±0.321,4.065±0.091,3.987±0.193
Arginine (R),3.43,3.192,2.886,2.743,0.641,0.191,0.403,±,,,Arginine (R),3.192±0.641,2.886±0.191,2.743±0.403
Serine (S),2.61,2.288,2.408,2.567,0.233,0.077,0.154,±,,,Serine (S),2.288±0.233,2.408±0.077,2.567±0.154
Threonine (T),0.2,0.082,0.206,0.207,0.206,0.073,0.145,±,,,Threonine (T),0.082±0.206,0.206±0.073,0.207±0.145
Valine (V),0.56,0.410,0.536,0.578,0.202,0.066,0.123,±,,,Valine (V),0.41±0.202,0.536±0.066,0.578±0.123
Tryptophan (W),0.08,0.257,0.000,0.000,0.622,0.217,0.416,±,,,Tryptophan (W),0.257±0.622,0±0.217,0±0.416
Tyrosine (Y),0.42,0.517,0.585,0.532,0.360,0.114,0.233,±,,,Tyrosine (Y),0.517±0.36,0.585±0.114,0.532±0.233
